{
  "CH4_PureO2_6pct_0C": {
    "T_equilibrium_C": 2770.6,
    "T_frozen_C": 4755.2,
    "products_mole_pct": {
      "H2O": 39.00166238080332,
      "CO": 14.38326421162989,
      "CO2": 11.818507862829646,
      "O2": 10.153316090412904,
      "OH": 9.576770622294909,
      "H2": 6.339826745452107,
      "H": 4.541765484044964,
      "O": 4.1793492542243715,
      "HO2": 0.00525735789294504,
      "H2O2": 0.00023123572733039073
    },
    "frozen_products": {
      "CO2": 32.05128205128205,
      "H2O": 64.1025641025641,
      "O2": 3.8461538461538494
    }
  },
  "CH4_Air_0pct_25C": {
    "T_equilibrium_C": 1952.2,
    "T_frozen_C": 2053.7,
    "products_mole_pct": {
      "N2": 70.06900351341172,
      "H2O": 18.30076528913155,
      "CO2": 8.515136048775105,
      "CO": 0.8965095033849947,
      "AR": 0.862547002137805,
      "O2": 0.46143111517076885,
      "H2": 0.3595631072495458,
      "OH": 0.28690486112847596,
      "NO": 0.18754867701015726,
      "H": 0.03895743121385484,
      "O": 0.021529339720549174
    },
    "frozen_products": {
      "CO2": 9.481783208870784,
      "H2O": 18.963566417741568,
      "N2": 70.6856754921928,
      "AR": 0.8689748811948403
    }
  },
  "CH4_Air_10pct_25C": {
    "T_equilibrium_C": 1871.8,
    "T_frozen_C": 1916.3,
    "products_mole_pct": {
      "N2": 70.95354910591854,
      "H2O": 17.091558771905277,
      "CO2": 8.406990503775999,
      "O2": 1.6905339656932945,
      "AR": 0.8741138865257274,
      "NO": 0.3001514409632582,
      "OH": 0.275876175425568,
      "CO": 0.2637887998067397,
      "H2": 0.10535753240614118,
      "O": 0.024543654698316538,
      "H": 0.013295460898555253,
      "NO2": 0.00011777105559529523
    },
    "frozen_products": {
      "CO2": 8.694749948122015,
      "H2O": 17.38949989624403,
      "O2": 1.7389499896244043,
      "N2": 71.30026976551152,
      "AR": 0.8765304004980283
    }
  },
  "H2_Air_0pct_25C": {
    "T_equilibrium_C": 2107.4,
    "T_frozen_C": 2247.6,
    "products_mole_pct": {
      "N2": 63.735641083652816,
      "H2O": 32.32133914953882,
      "H2": 1.5138020321223662,
      "AR": 0.7850794468521965,
      "OH": 0.6820204719671227,
      "O2": 0.4782598269718808,
      "NO": 0.25124458935848043,
      "H": 0.17843861548433204,
      "O": 0.05398074182315963,
      "HO2": 0.00010912291461928556
    },
    "frozen_products": {
      "H2O": 34.64241422075238,
      "N2": 64.56386936750724,
      "AR": 0.7937164117403885
    }
  },
  "H2_PureO2_0pct_25C": {
    "T_equilibrium_C": 2803.8,
    "T_frozen_C": 4617.1,
    "products_mole_pct": {
      "H2O": 58.41638935536682,
      "H2": 14.930795398936041,
      "OH": 10.566799056896484,
      "H": 7.6881050021261155,
      "O2": 5.0915055985669335,
      "O": 3.302085064791481,
      "HO2": 0.004063172618686685,
      "H2O2": 0.00025735069745143265
    },
    "frozen_products": {
      "H2O": 100.0
    }
  },
  "C3H8_Air_0pct_25C": {
    "T_equilibrium_C": 1993.3,
    "T_frozen_C": 2120.3,
    "products_mole_pct": {
      "N2": 71.27134951399657,
      "H2O": 14.807989767336108,
      "CO2": 10.240058886875966,
      "CO": 1.2511715766176925,
      "AR": 0.8776118869859431,
      "O2": 0.5889847987629013,
      "H2": 0.3294776594801682,
      "OH": 0.32165951912123625,
      "NO": 0.2337069173465954,
      "H": 0.04661124117846239,
      "O": 0.031246761072671967
    },
    "frozen_products": {
      "CO2": 11.598080826720796,
      "H2O": 15.46410776896106,
      "N2": 72.05203912160916,
      "AR": 0.8857722827089867
    }
  },
  "CO_Air_0pct_25C": {
    "T_equilibrium_C": 2110.7,
    "T_frozen_C": 2391.9,
    "products_mole_pct": {
      "N2": 62.915659819569136,
      "CO2": 29.65037402265552,
      "CO": 4.239218578342794,
      "O2": 1.8208000798084263,
      "AR": 0.7764679931597401,
      "NO": 0.4901140551084417,
      "O": 0.10718696191540845,
      "NO2": 0.00014648272238290862
    },
    "frozen_products": {
      "CO2": 34.64241422075238,
      "N2": 64.56386936750724,
      "AR": 0.7937164117403885
    }
  }
}