{
  "CH4 + Air (stoichiometric)": {
    "T_equilibrium_K": 2225.4,
    "T_equilibrium_C": 1952.2,
    "products_mole_pct": {
      "N2": 70.06900351341172,
      "H2O": 18.30076528913155,
      "CO2": 8.515136048775105,
      "CO": 0.8965095033849947,
      "AR": 0.862547002137805,
      "O2": 0.46143111517076885,
      "H2": 0.3595631072495458,
      "OH": 0.28690486112847596,
      "NO": 0.18754867701015726,
      "H": 0.03895743121385484,
      "O": 0.021529339720549174
    },
    "pressure_atm": 1.0
  },
  "CH4 + Air (10% excess)": {
    "T_equilibrium_K": 2144.9,
    "T_equilibrium_C": 1871.8,
    "products_mole_pct": {
      "N2": 70.95354910591854,
      "H2O": 17.091558771905277,
      "CO2": 8.406990503775999,
      "O2": 1.6905339656932945,
      "AR": 0.8741138865257274,
      "NO": 0.3001514409632582,
      "OH": 0.275876175425568,
      "CO": 0.2637887998067397,
      "H2": 0.10535753240614118,
      "O": 0.024543654698316538,
      "H": 0.013295460898555253,
      "NO2": 0.00011777105559529523
    },
    "pressure_atm": 1.0
  },
  "CH4 + O2 (stoichiometric)": {
    "T_equilibrium_K": 3052.1,
    "T_equilibrium_C": 2778.9,
    "products_mole_pct": {
      "H2O": 39.33080418848307,
      "CO": 15.578117761825656,
      "CO2": 11.282103392726567,
      "OH": 9.324412468449458,
      "O2": 8.366579256745784,
      "H2": 7.237556572624543,
      "H": 4.974859982729249,
      "O": 3.9006609481119185,
      "HO2": 0.00463377211908409,
      "H2O2": 0.00021427581506292207
    },
    "pressure_atm": 1.0
  },
  "H2 + Air (stoichiometric)": {
    "T_equilibrium_K": 2380.6,
    "T_equilibrium_C": 2107.4,
    "products_mole_pct": {
      "N2": 63.735641083652816,
      "H2O": 32.32133914953882,
      "H2": 1.5138020321223662,
      "AR": 0.7850794468521965,
      "OH": 0.6820204719671227,
      "O2": 0.4782598269718808,
      "NO": 0.25124458935848043,
      "H": 0.17843861548433204,
      "O": 0.05398074182315963,
      "HO2": 0.00010912291461928556
    },
    "pressure_atm": 1.0
  },
  "H2 + O2 (stoichiometric)": {
    "T_equilibrium_K": 3076.9,
    "T_equilibrium_C": 2803.8,
    "products_mole_pct": {
      "H2O": 58.41638935536682,
      "H2": 14.930795398936041,
      "OH": 10.566799056896484,
      "H": 7.6881050021261155,
      "O2": 5.0915055985669335,
      "O": 3.302085064791481,
      "HO2": 0.004063172618686685,
      "H2O2": 0.00025735069745143265
    },
    "pressure_atm": 1.0
  },
  "C3H8 + Air (stoichiometric)": {
    "T_equilibrium_K": 2266.5,
    "T_equilibrium_C": 1993.3,
    "products_mole_pct": {
      "N2": 71.27134951399657,
      "H2O": 14.807989767336108,
      "CO2": 10.240058886875966,
      "CO": 1.2511715766176925,
      "AR": 0.8776118869859431,
      "O2": 0.5889847987629013,
      "H2": 0.3294776594801682,
      "OH": 0.32165951912123625,
      "NO": 0.2337069173465954,
      "H": 0.04661124117846239,
      "O": 0.031246761072671967
    },
    "pressure_atm": 1.0
  },
  "CO + Air (stoichiometric)": {
    "T_equilibrium_K": 2383.8,
    "T_equilibrium_C": 2110.7,
    "products_mole_pct": {
      "N2": 62.915659819569136,
      "CO2": 29.65037402265552,
      "CO": 4.239218578342794,
      "O2": 1.8208000798084263,
      "AR": 0.7764679931597401,
      "NO": 0.4901140551084417,
      "O": 0.10718696191540845,
      "NO2": 0.00014648272238290862
    },
    "pressure_atm": 1.0
  },
  "CH4 + Air (stoichiometric, 200\u00b0C preheat)": {
    "T_equilibrium_K": 2225.4,
    "T_equilibrium_C": 1952.2,
    "products_mole_pct": {
      "N2": 70.06900351341172,
      "H2O": 18.30076528913155,
      "CO2": 8.515136048775105,
      "CO": 0.8965095033849947,
      "AR": 0.862547002137805,
      "O2": 0.46143111517076885,
      "H2": 0.3595631072495458,
      "OH": 0.28690486112847596,
      "NO": 0.18754867701015726,
      "H": 0.03895743121385484,
      "O": 0.021529339720549174
    },
    "pressure_atm": 1.0
  },
  "North Sea Natural Gas H + Air": {
    "T_equilibrium_K": 2136.6,
    "T_equilibrium_C": 1863.4,
    "products_mole_pct": {
      "N2": 71.07718612900632,
      "H2O": 16.575793010587674,
      "CO2": 8.702773079141451,
      "O2": 1.8206902374417757,
      "AR": 0.8739988998625141,
      "NO": 0.3055600211291822,
      "OH": 0.2670435973975935,
      "CO": 0.24757234469750594,
      "H2": 0.09316109970600985,
      "O": 0.02407918852844905,
      "H": 0.011892477612421706,
      "NO2": 0.00012594755584907882
    },
    "pressure_atm": 1.0
  }
}