{
  "H2/air stoich": {
    "T_eq_K": 2379.504519583538,
    "T_eq_C": 2106.3545195835377,
    "T_frozen_K": 2518.865203857422,
    "T_frozen_C": 2245.715203857422,
    "composition": {
      "H2O": 0.3471074380165289,
      "N2": 0.652892561983471
    }
  },
  "CH4/air stoich": {
    "T_eq_K": 2224.22437085636,
    "T_eq_C": 1951.07437085636,
    "T_frozen_K": 2324.9977111816406,
    "T_frozen_C": 2051.8477111816405,
    "composition": {
      "H2O": 0.1900452488687783,
      "CO2": 0.09502262443438916,
      "N2": 0.7149321266968325
    }
  },
  "CO/air stoich": {
    "T_eq_K": 2383.0378586219085,
    "T_eq_C": 2109.8878586219084,
    "T_frozen_K": 2787.792205810547,
    "T_frozen_C": 2514.642205810547,
    "composition": {
      "CO2": 0.3471074380165288,
      "N2": 0.6528925619834712
    }
  },
  "C3H8/air stoich": {
    "T_eq_K": 2265.3133720894034,
    "T_eq_C": 1992.1633720894033,
    "T_frozen_K": 2387.6197814941406,
    "T_frozen_C": 2114.4697814941405,
    "composition": {
      "H2O": 0.15498154981549817,
      "CO2": 0.11623616236162361,
      "N2": 0.7287822878228783
    }
  },
  "H2/O2 stoich": {
    "T_eq_K": 3076.9196552868143,
    "T_eq_C": 2803.769655286814,
    "T_frozen_K": 4890.241241455078,
    "T_frozen_C": 4617.0912414550785,
    "composition": {
      "H2O": 1.0
    }
  },
  "CH4/O2 stoich": {
    "T_eq_K": 3052.0608269378167,
    "T_eq_C": 2778.9108269378166,
    "T_frozen_K": 5153.688812255859,
    "T_frozen_C": 4880.53881225586,
    "composition": {
      "H2O": 0.6666666666666666,
      "CO2": 0.33333333333333337
    }
  },
  "CO/O2 stoich": {
    "T_eq_K": 2975.2335537808804,
    "T_eq_C": 2702.0835537808803,
    "T_frozen_K": 5999.956512451172,
    "T_frozen_C": 5726.806512451172,
    "composition": {
      "CO2": 1.0
    }
  },
  "CH4/air 10% excess": {
    "T_eq_K": 2143.612606182944,
    "T_eq_C": 1870.462606182944,
    "T_frozen_K": 2187.751007080078,
    "T_frozen_C": 1914.601007080078,
    "composition": {
      "O2": 0.017427385892116204,
      "H2O": 0.17427385892116184,
      "CO2": 0.08713692946058091,
      "N2": 0.7211618257261412
    }
  },
  "H2/air 10% excess": {
    "T_eq_K": 2304.969869536488,
    "T_eq_C": 2031.819869536488,
    "T_frozen_K": 2382.227325439453,
    "T_frozen_C": 2109.077325439453,
    "composition": {
      "O2": 0.016030534351145053,
      "H2O": 0.32061068702290063,
      "N2": 0.6633587786259544
    }
  }
}