{
  "CO\u2082": {
    "low": {
      "a": [
        2.35677352,
        0.00898459677,
        -7.12356269e-06,
        2.45919022e-09,
        -1.43699548e-13,
        -48371.9697,
        9.90105222
      ]
    },
    "high": {
      "a": [
        3.85746029,
        0.00441437026,
        -2.21481404e-06,
        5.23490188e-10,
        -4.72084164e-14,
        -48759.166,
        2.27163806
      ]
    }
  },
  "H\u2082O": {
    "low": {
      "a": [
        4.19864056,
        -0.0020364341,
        6.52040211e-06,
        -5.48797062e-09,
        1.77197817e-12,
        -30293.7267,
        -0.849032208
      ]
    },
    "high": {
      "a": [
        3.03399249,
        0.00217691804,
        -1.64072518e-07,
        -9.7041987e-11,
        1.68200992e-14,
        -30004.2971,
        4.9667701
      ]
    }
  },
  "N\u2082": {
    "low": {
      "a": [
        3.298677,
        0.0014082404,
        -3.963222e-06,
        5.641515e-09,
        -2.444854e-12,
        -1020.8999,
        3.950372
      ]
    },
    "high": {
      "a": [
        2.92664,
        0.0014879768,
        -5.68476e-07,
        1.0097038e-10,
        -6.753351e-15,
        -922.7977,
        5.980528
      ]
    }
  },
  "O\u2082": {
    "low": {
      "a": [
        3.78245636,
        -0.00299673416,
        9.84730201e-06,
        -9.68129509e-09,
        3.24372837e-12,
        -1063.94356,
        3.65767573
      ]
    },
    "high": {
      "a": [
        3.28253784,
        0.00148308754,
        -7.57966669e-07,
        2.09470555e-10,
        -2.16717794e-14,
        -1088.45772,
        5.45323129
      ]
    }
  },
  "CO": {
    "low": {
      "a": [
        3.57953347,
        -0.00061035368,
        1.01681433e-06,
        9.07005884e-10,
        -9.04424499e-13,
        -14344.086,
        3.50840928
      ]
    },
    "high": {
      "a": [
        2.71518561,
        0.00206252743,
        -9.98825771e-07,
        2.30053008e-10,
        -2.03647716e-14,
        -14151.8724,
        7.81868772
      ]
    }
  },
  "H\u2082": {
    "low": {
      "a": [
        2.34433112,
        0.00798052075,
        -1.9478151e-05,
        2.01572094e-08,
        -7.37611761e-12,
        -917.935173,
        0.683010238
      ]
    },
    "high": {
      "a": [
        3.3372792,
        -4.94024731e-05,
        4.99456778e-07,
        -1.79566394e-10,
        2.00255376e-14,
        -950.158922,
        -3.20502331
      ]
    }
  },
  "OH": {
    "low": {
      "a": [
        3.99201543,
        -0.00240131752,
        4.61793841e-06,
        -3.88113333e-09,
        1.3641147e-12,
        3615.08056,
        -0.103925458
      ]
    },
    "high": {
      "a": [
        3.09288767,
        0.000548429716,
        1.26505228e-07,
        -8.79461556e-11,
        1.17412376e-14,
        3858.657,
        4.4766961
      ]
    }
  },
  "O": {
    "low": {
      "a": [
        3.1682671,
        -0.00327931884,
        6.64306396e-06,
        -6.12806624e-09,
        2.11265971e-12,
        29122.2592,
        2.05193346
      ]
    },
    "high": {
      "a": [
        2.56942078,
        -8.59741137e-05,
        4.19484589e-08,
        -1.00177799e-11,
        1.22833691e-15,
        29217.5791,
        4.78433864
      ]
    }
  },
  "H": {
    "low": {
      "a": [
        2.5,
        7.05332819e-13,
        -1.99591964e-15,
        2.30081632e-18,
        -9.27732332e-22,
        25473.6599,
        -0.446682853
      ]
    },
    "high": {
      "a": [
        2.50000001,
        -2.30842973e-11,
        1.61561948e-14,
        -4.73515235e-18,
        4.98197357e-22,
        25473.6599,
        -0.446682914
      ]
    }
  },
  "NO": {
    "low": {
      "a": [
        4.2184763,
        -0.004638976,
        1.1041022e-05,
        -9.3361354e-09,
        2.803577e-12,
        9844.623,
        2.2808464
      ]
    },
    "high": {
      "a": [
        3.2606056,
        0.0011911043,
        -4.2917048e-07,
        6.9457669e-11,
        -4.0336099e-15,
        9920.9746,
        6.3693027
      ]
    }
  },
  "NO\u2082": {
    "low": {
      "a": [
        3.9440312,
        -0.001585429,
        1.6657812e-05,
        -2.0475426e-08,
        7.8350564e-12,
        2896.6179,
        6.3119917
      ]
    },
    "high": {
      "a": [
        4.8847542,
        0.0021723956,
        -8.2806906e-07,
        1.574751e-10,
        -1.0510895e-14,
        2316.4983,
        -0.11741695
      ]
    }
  },
  "Ar": {
    "low": {
      "a": [
        2.5,
        0.0,
        0.0,
        0.0,
        0.0,
        -745.375,
        4.366
      ]
    },
    "high": {
      "a": [
        2.5,
        0.0,
        0.0,
        0.0,
        0.0,
        -745.375,
        4.366
      ]
    }
  },
  "CH\u2084": {
    "low": {
      "a": [
        5.14987613,
        -0.0136709788,
        4.91800599e-05,
        -4.84743026e-08,
        1.66693956e-11,
        -10246.6476,
        -4.64130376
      ]
    },
    "high": {
      "a": [
        0.074851495,
        0.0133909467,
        -5.73285809e-06,
        1.22292535e-09,
        -1.0181523e-13,
        -9468.34459,
        18.437318
      ]
    }
  },
  "C\u2082H\u2086": {
    "low": {
      "a": [
        4.29142492,
        -0.0055015427,
        5.99438288e-05,
        -7.08466285e-08,
        2.68685771e-11,
        -11522.2055,
        2.66682316
      ]
    },
    "high": {
      "a": [
        1.0718815,
        0.0216852677,
        -1.00256067e-05,
        2.21412001e-09,
        -1.9000289e-13,
        -11426.3932,
        15.1156107
      ]
    }
  },
  "C\u2083H\u2088": {
    "low": {
      "a": [
        0.93355381,
        0.026424579,
        6.1059727e-06,
        -2.1977499e-08,
        9.5149253e-12,
        -13958.52,
        19.201691
      ]
    },
    "high": {
      "a": [
        7.5341368,
        0.018872239,
        -6.2718491e-06,
        9.1475649e-10,
        -4.7838069e-14,
        -16467.516,
        -17.892349
      ]
    }
  }
}