{
  "CO2": {
    "Tmin": 200.0,
    "Tmax": 3500.0,
    "Tmid": 1000.0,
    "low": [
      3.85746029,
      0.00441437026,
      -2.21481404e-06,
      5.23490188e-10,
      -4.72084164e-14,
      -48759.166,
      2.27163806
    ],
    "high": [
      2.35677352,
      0.00898459677,
      -7.12356269e-06,
      2.45919022e-09,
      -1.43699548e-13,
      -48371.9697,
      9.90105222
    ],
    "source": "gri30 (CO2)"
  },
  "H2O": {
    "Tmin": 200.0,
    "Tmax": 3500.0,
    "Tmid": 1000.0,
    "low": [
      3.03399249,
      0.00217691804,
      -1.64072518e-07,
      -9.7041987e-11,
      1.68200992e-14,
      -30004.2971,
      4.9667701
    ],
    "high": [
      4.19864056,
      -0.0020364341,
      6.52040211e-06,
      -5.48797062e-09,
      1.77197817e-12,
      -30293.7267,
      -0.849032208
    ],
    "source": "gri30 (H2O)"
  },
  "N2": {
    "Tmin": 300.0,
    "Tmax": 5000.0,
    "Tmid": 1000.0,
    "low": [
      2.92664,
      0.0014879768,
      -5.68476e-07,
      1.0097038e-10,
      -6.753351e-15,
      -922.7977,
      5.980528
    ],
    "high": [
      3.298677,
      0.0014082404,
      -3.963222e-06,
      5.641515e-09,
      -2.444854e-12,
      -1020.8999,
      3.950372
    ],
    "source": "gri30 (N2)"
  },
  "O2": {
    "Tmin": 200.0,
    "Tmax": 3500.0,
    "Tmid": 1000.0,
    "low": [
      3.28253784,
      0.00148308754,
      -7.57966669e-07,
      2.09470555e-10,
      -2.16717794e-14,
      -1088.45772,
      5.45323129
    ],
    "high": [
      3.78245636,
      -0.00299673416,
      9.84730201e-06,
      -9.68129509e-09,
      3.24372837e-12,
      -1063.94356,
      3.65767573
    ],
    "source": "gri30 (O2)"
  },
  "CO": {
    "Tmin": 200.0,
    "Tmax": 3500.0,
    "Tmid": 1000.0,
    "low": [
      2.71518561,
      0.00206252743,
      -9.98825771e-07,
      2.30053008e-10,
      -2.03647716e-14,
      -14151.8724,
      7.81868772
    ],
    "high": [
      3.57953347,
      -0.00061035368,
      1.01681433e-06,
      9.07005884e-10,
      -9.04424499e-13,
      -14344.086,
      3.50840928
    ],
    "source": "gri30 (CO)"
  },
  "H2": {
    "Tmin": 200.0,
    "Tmax": 3500.0,
    "Tmid": 1000.0,
    "low": [
      3.3372792,
      -4.94024731e-05,
      4.99456778e-07,
      -1.79566394e-10,
      2.00255376e-14,
      -950.158922,
      -3.20502331
    ],
    "high": [
      2.34433112,
      0.00798052075,
      -1.9478151e-05,
      2.01572094e-08,
      -7.37611761e-12,
      -917.935173,
      0.683010238
    ],
    "source": "gri30 (H2)"
  },
  "OH": {
    "Tmin": 200.0,
    "Tmax": 3500.0,
    "Tmid": 1000.0,
    "low": [
      3.09288767,
      0.000548429716,
      1.26505228e-07,
      -8.79461556e-11,
      1.17412376e-14,
      3858.657,
      4.4766961
    ],
    "high": [
      3.99201543,
      -0.00240131752,
      4.61793841e-06,
      -3.88113333e-09,
      1.3641147e-12,
      3615.08056,
      -0.103925458
    ],
    "source": "gri30 (OH)"
  },
  "O": {
    "Tmin": 200.0,
    "Tmax": 3500.0,
    "Tmid": 1000.0,
    "low": [
      2.56942078,
      -8.59741137e-05,
      4.19484589e-08,
      -1.00177799e-11,
      1.22833691e-15,
      29217.5791,
      4.78433864
    ],
    "high": [
      3.1682671,
      -0.00327931884,
      6.64306396e-06,
      -6.12806624e-09,
      2.11265971e-12,
      29122.2592,
      2.05193346
    ],
    "source": "gri30 (O)"
  },
  "H": {
    "Tmin": 200.0,
    "Tmax": 3500.0,
    "Tmid": 1000.0,
    "low": [
      2.50000001,
      -2.30842973e-11,
      1.61561948e-14,
      -4.73515235e-18,
      4.98197357e-22,
      25473.6599,
      -0.446682914
    ],
    "high": [
      2.5,
      7.05332819e-13,
      -1.99591964e-15,
      2.30081632e-18,
      -9.27732332e-22,
      25473.6599,
      -0.446682853
    ],
    "source": "gri30 (H)"
  },
  "NO": {
    "Tmin": 200.0,
    "Tmax": 6000.0,
    "Tmid": 1000.0,
    "low": [
      3.2606056,
      0.0011911043,
      -4.2917048e-07,
      6.9457669e-11,
      -4.0336099e-15,
      9920.9746,
      6.3693027
    ],
    "high": [
      4.2184763,
      -0.004638976,
      1.1041022e-05,
      -9.3361354e-09,
      2.803577e-12,
      9844.623,
      2.2808464
    ],
    "source": "gri30 (NO)"
  },
  "NO2": {
    "Tmin": 200.0,
    "Tmax": 6000.0,
    "Tmid": 1000.0,
    "low": [
      4.8847542,
      0.0021723956,
      -8.2806906e-07,
      1.574751e-10,
      -1.0510895e-14,
      2316.4983,
      -0.11741695
    ],
    "high": [
      3.9440312,
      -0.001585429,
      1.6657812e-05,
      -2.0475426e-08,
      7.8350564e-12,
      2896.6179,
      6.3119917
    ],
    "source": "gri30 (NO2)"
  },
  "CH4": {
    "Tmin": 200.0,
    "Tmax": 3500.0,
    "Tmid": 1000.0,
    "low": [
      0.074851495,
      0.0133909467,
      -5.73285809e-06,
      1.22292535e-09,
      -1.0181523e-13,
      -9468.34459,
      18.437318
    ],
    "high": [
      5.14987613,
      -0.0136709788,
      4.91800599e-05,
      -4.84743026e-08,
      1.66693956e-11,
      -10246.6476,
      -4.64130376
    ],
    "source": "gri30 (CH4)"
  },
  "C2H6": {
    "Tmin": 200.0,
    "Tmax": 3500.0,
    "Tmid": 1000.0,
    "low": [
      1.0718815,
      0.0216852677,
      -1.00256067e-05,
      2.21412001e-09,
      -1.9000289e-13,
      -11426.3932,
      15.1156107
    ],
    "high": [
      4.29142492,
      -0.0055015427,
      5.99438288e-05,
      -7.08466285e-08,
      2.68685771e-11,
      -11522.2055,
      2.66682316
    ],
    "source": "gri30 (C2H6)"
  },
  "C3H8": {
    "Tmin": 300.0,
    "Tmax": 5000.0,
    "Tmid": 1000.0,
    "low": [
      7.5341368,
      0.018872239,
      -6.2718491e-06,
      9.1475649e-10,
      -4.7838069e-14,
      -16467.516,
      -17.892349
    ],
    "high": [
      0.93355381,
      0.026424579,
      6.1059727e-06,
      -2.1977499e-08,
      9.5149253e-12,
      -13958.52,
      19.201691
    ],
    "source": "gri30 (C3H8)"
  },
  "C2H2": {
    "Tmin": 200.0,
    "Tmax": 3500.0,
    "Tmid": 1000.0,
    "low": [
      4.14756964,
      0.00596166664,
      -2.37294852e-06,
      4.67412171e-10,
      -3.61235213e-14,
      25935.9992,
      -1.23028121
    ],
    "high": [
      0.808681094,
      0.0233615629,
      -3.55171815e-05,
      2.80152437e-08,
      -8.50072974e-12,
      26428.9807,
      13.9397051
    ],
    "source": "gri30 (C2H2)"
  },
  "C2H4": {
    "Tmin": 200.0,
    "Tmax": 3500.0,
    "Tmid": 1000.0,
    "low": [
      2.03611116,
      0.0146454151,
      -6.71077915e-06,
      1.47222923e-09,
      -1.25706061e-13,
      4939.88614,
      10.3053693
    ],
    "high": [
      3.95920148,
      -0.00757052247,
      5.70990292e-05,
      -6.91588753e-08,
      2.69884373e-11,
      5089.77593,
      4.09733096
    ],
    "source": "gri30 (C2H4)"
  },
  "NH3": {
    "Tmin": 200.0,
    "Tmax": 6000.0,
    "Tmid": 1000.0,
    "low": [
      2.6344521,
      0.005666256,
      -1.7278676e-06,
      2.3867161e-10,
      -1.2578786e-14,
      -6544.6958,
      6.5662928
    ],
    "high": [
      4.2860274,
      -0.004660523,
      2.1718513e-05,
      -2.2808887e-08,
      8.2638046e-12,
      -6741.7285,
      -0.62537277
    ],
    "source": "gri30 (NH3)"
  },
  "Ar": {
    "Tmin": 200.0,
    "Tmax": 6000.0,
    "Tmid": 6000.0,
    "low": [
      2.5,
      0.0,
      0.0,
      0.0,
      0.0,
      -745.375,
      4.37967491
    ],
    "high": [
      2.5,
      0.0,
      0.0,
      0.0,
      0.0,
      -745.375,
      4.37967491
    ],
    "source": "nasa_gas (Ar)"
  },
  "H2S": {
    "Tmin": 300.0,
    "Tmax": 5000.0,
    "Tmid": 1000.0,
    "low": [
      2.7452199,
      0.0040434607,
      -1.538451e-06,
      2.7520249e-10,
      -1.8592095e-14,
      -3419.9444,
      8.0546745
    ],
    "high": [
      3.9323476,
      -0.00050260905,
      4.5928473e-06,
      -3.1807214e-09,
      6.6497561e-13,
      -3650.5359,
      2.3157905
    ],
    "source": "nasa_gas (H2S)"
  },
  "C6H6": {
    "Tmin": 200.0,
    "Tmax": 6000.0,
    "Tmid": 1000.0,