{
  "H2/air stoich": {
    "theoretical": 2209.413018798828,
    "actual": 2089.7795349121093,
    "stoichO2": 0.5,
    "composition": {
      "H₂O": 0.9488148743408343,
      "H₂": 0.040182046210889236,
      "O₂": 0.012134003839835927,
      "N₂": 1.8768878322436484,
      "OH": 0.01745643120110364,
      "O": 0.0013315893609281448,
      "H": 0.004549727695455155,
      "NO": 0.008129097417464965
    },
    "Hreact": 0,
    "b": {
      "c": 0,
      "h": 2,
      "o": 1,
      "n": 3.761904761904762
    }
  },
  "CH4/air stoich": {
    "theoretical": 2035.523858642578,
    "actual": 1941.1833435058593,
    "stoichO2": 2,
    "composition": {
      "CO₂": 0.9076942711429568,
      "H₂O": 1.9493002348458135,
      "CO": 0.09230572885705769,
      "H₂": 0.034982402503459784,
      "O₂": 0.045142768630349224,
      "N₂": 7.512329864728964,
      "OH": 0.02771455981707114,
      "O": 0.0020460787723776165,
      "H": 0.0037201654843989,
      "NO": 0.02295931816111863
    },
    "Hreact": -74.87,
    "b": {
      "c": 1,
      "h": 4,
      "o": 4,
      "n": 15.047619047619047
    }
  },
  "CO/air stoich": {
    "theoretical": 2390.1335388183593,
    "actual": 2107.8459411621093,
    "stoichO2": 0.5,
    "composition": {
      "CO₂": 0.8751945535490436,
      "CO": 0.12480544645095783,
      "O₂": 0.05215159422570442,
      "N₂": 1.8722341920721954,
      "O": 0.003065880239177908,
      "NO": 0.017436377760370998
    },
    "Hreact": -110.5,
    "b": {
      "c": 1,
      "h": 0,
      "o": 2,
      "n": 3.761904761904762
    }
  },
  "C3H8/air stoich": {
    "theoretical": 2104.119744873047,
    "actual": 1984.1475158691405,
    "stoichO2": 5,
    "composition": {
      "CO₂": 2.6808200009921137,
      "H₂O": 3.8767542103322623,
      "CO": 0.31917999900791,
      "H₂": 0.07911950631026292,
      "O₂": 0.14336751921572669,
      "N₂": 18.773978508382868,
      "OH": 0.07715512737974183,
      "O": 0.007445020582591525,
      "H": 0.011097439335247395,
      "NO": 0.07109060228188077
    },
    "Hreact": -103.85,
    "b": {
      "c": 3,
      "h": 8,
      "o": 10,
      "n": 37.61904761904762
    }
  },
  "H2/O2 stoich": {
    "theoretical": 4191.577401733399,
    "actual": 2804.8769622802733,
    "stoichO2": 0.5,
    "composition": {
      "H₂O": 0.7289196593289302,
      "H₂": 0.1671606537312303,
      "O₂": 0.05709338019730061,
      "OH": 0.11845948535858784,
      "O": 0.03843409491788064,
      "H": 0.08937988852108972
    },
    "Hreact": 0,
    "b": {
      "c": 0,
      "h": 2,
      "o": 1,
      "n": 0
    }
  },
  "CH4/O2 stoich": {
    "theoretical": 4538.763681030274,
    "actual": 2778.8584381103515,
    "stoichO2": 2,
    "composition": {
      "CO₂": 0.4178004962428466,
      "H₂O": 1.5071147068979929,
      "CO": 0.5821995037571525,
      "H₂": 0.2427071002942055,
      "O₂": 0.30351976817162946,
      "OH": 0.32522871933417025,
      "O": 0.1428165411817324,
      "H": 0.17512766628143173
    },
    "Hreact": -74.87,
    "b": {
      "c": 1,
      "h": 4,
      "o": 4,
      "n": 0
    }
  },
  "CO/O2 stoich": {
    "theoretical": 4884.467568969727,
    "actual": 2702.183023071289,
    "stoichO2": 0.5,
    "composition": {
      "CO₂": 0.564987468146251,
      "CO": 0.4350125318537459,
      "O₂": 0.19212316673451904,
      "O": 0.05076619838471389
    },
    "Hreact": -110.5,
    "b": {
      "c": 1,
      "h": 0,
      "o": 2,
      "n": 0
    }
  },
  "CH4/air 10% excess": {
    "theoretical": 1902.1711975097655,
    "actual": 1860.4490905761718,
    "stoichO2": 2,
    "composition": {
      "CO₂": 0.9716561051526705,
      "H₂O": 1.9739059516992392,
      "CO": 0.02834389484779999,
      "H₂": 0.010768339351551078,
      "O₂": 0.19076930320442578,
      "N₂": 8.255688653177046,
      "OH": 0.029304087895890174,
      "O": 0.0025916028454943596,
      "H": 0.0013473300028789886,
      "NO": 0.04100364602686623
    },
    "Hreact": -74.87,
    "b": {
      "c": 1,
      "h": 4,
      "o": 4.4,
      "n": 16.552380952380958
    }
  },
  "H2/air 10% excess": {
    "theoretical": 2080.7463317871093,
    "actual": 2014.070001220703,
    "stoichO2": 0.5,
    "composition": {
      "H₂O": 0.974855437639724,
      "H₂": 0.014627938920710758,
      "O₂": 0.045116994878834166,
      "N₂": 2.0620046472295335,
      "OH": 0.019093098556021766,
      "O": 0.0017315304280868613,
      "H": 0.0019401483243919266,
      "NO": 0.014085943636172547
    },
    "Hreact": 0,
    "b": {
      "c": 0,
      "h": 2,
      "o": 1.1,
      "n": 4.138095238095239
    }
  }
}