{
  "H2/air stoich": {
    "theoretical": 2209.413018798828,
    "actual": 2117.1614318847655,
    "stoichO2": 0.5,
    "composition": {
      "H₂O": 0.9599306081606479,
      "H₂": 0.031849183333026186,
      "O₂": 0.0090718946545931,
      "N₂": 1.8772453089923513,
      "OH": 0.013727815381586427,
      "O": 0.0007836432285105976,
      "H": 0.0027126016310652533,
      "NO": 0.0074141439200688265
    },
    "Hreact": 0,
    "b": {
      "c": 0,
      "h": 2,
      "o": 1,
      "n": 3.761904761904762
    }
  },
  "CH4/air stoich": {
    "theoretical": 2035.523858642578,
    "actual": 1981.8892150878905,
    "stoichO2": 2,
    "composition": {
      "CO₂": 0.94629482042008,
      "H₂O": 1.9725651481310766,
      "CO": 0.05370517957992206,
      "H₂": 0.019218521043602128,
      "O₂": 0.023526092830638223,
      "N₂": 7.514743997496777,
      "OH": 0.015373793321882465,
      "O": 0.0005829998401819766,
      "H": 0.0010588683287524384,
      "NO": 0.018131052625502346
    },
    "Hreact": -74.87,
    "b": {
      "c": 1,
      "h": 4,
      "o": 4,
      "n": 15.047619047619047
    }
  },
  "CO/air stoich": {
    "theoretical": 2390.1335388183593,
    "actual": 2151.6569763183593,
    "stoichO2": 0.5,
    "composition": {
      "CO₂": 0.8947062085602877,
      "CO": 0.10529379143971236,
      "O₂": 0.04301573571595642,
      "N₂": 1.872346000277929,
      "O": 0.0020495586588953115,
      "NO": 0.017212761348904374
    },
    "Hreact": -110.5,
    "b": {
      "c": 1,
      "h": 0,
      "o": 2,
      "n": 3.761904761904762
    }
  },
  "C3H8/air stoich": {
    "theoretical": 2104.119744873047,
    "actual": 2047.492852783203,
    "stoichO2": 5,
    "composition": {
      "CO₂": 2.8459570354256964,
      "H₂O": 3.9463659072990844,
      "CO": 0.15404296457430056,
      "H₂": 0.03514906256641884,
      "O₂": 0.05951737814973071,
      "N₂": 18.78335997822489,
      "OH": 0.03495095927321037,
      "O": 0.0013636791046896365,
      "H": 0.002019100995744844,
      "NO": 0.05232766259783491
    },
    "Hreact": -103.85,
    "b": {
      "c": 3,
      "h": 8,
      "o": 10,
      "n": 37.61904761904762
    }
  },
  "H2/O2 stoich": {
    "theoretical": 4191.595330810547,
    "actual": 2827.9814392089843,
    "stoichO2": 0.5,
    "composition": {
      "H₂O": 0.7317428250153863,
      "H₂": 0.16568740171484936,
      "O₂": 0.05623188533349807,
      "OH": 0.118262497319087,
      "O": 0.0375309069985345,
      "H": 0.08687704922044853
    },
    "Hreact": 0,
    "b": {
      "c": 0,
      "h": 2,
      "o": 1,
      "n": 0
    }
  },
  "CH4/O2 stoich": {
    "theoretical": 4538.773980712891,
    "actual": 2942.225518798828,
    "stoichO2": 2,
    "composition": {
      "CO₂": 0.43660559859177056,
      "H₂O": 1.553128582011387,
      "CO": 0.5633944014082317,
      "H₂": 0.218125190044508,
      "O₂": 0.2846751085312784,
      "OH": 0.3206127368029702,
      "O": 0.12030286553131513,
      "H": 0.13687971908523558
    },
    "Hreact": -74.87,
    "b": {
      "c": 1,
      "h": 4,
      "o": 4,
      "n": 0
    }
  },
  "CO/O2 stoich": {
    "theoretical": 4726.8141418457035,
    "actual": 2726.3594299316405,
    "stoichO2": 0.5,
    "composition": {
      "CO₂": 0.5690212036951517,
      "CO": 0.43097879630484737,
      "O₂": 0.1908193249449176,
      "O": 0.04934014641501242
    },
    "Hreact": -110.5,
    "b": {
      "c": 1,
      "h": 0,
      "o": 2,
      "n": 0
    }
  },
  "CH4/air 10% excess": {
    "theoretical": 1902.1711975097655,
    "actual": 1880.2092224121093,
    "stoichO2": 2,
    "composition": {
      "CO₂": 0.9899213888810858,
      "H₂O": 1.9875709418617988,
      "CO": 0.01007861111891304,
      "H₂": 0.003729462688206229,
      "O₂": 0.18130656458970634,
      "N₂": 8.255236390820814,
      "OH": 0.017136248893250286,
      "O": 0.0008501204451117992,
      "H": 0.00026294200673645564,
      "NO": 0.041908170739338696
    },
    "Hreact": -74.87,
    "b": {
      "c": 1,
      "h": 4,
      "o": 4.4,
      "n": 16.552380952380958
    }
  },
  "H2/air 10% excess": {
    "theoretical": 2080.7463317871093,
    "actual": 2031.7976623535155,
    "stoichO2": 0.5,
    "composition": {
      "H₂O": 0.9825183553385006,
      "H₂": 0.009385879881989006,
      "O₂": 0.04342477001309372,
      "N₂": 2.061878102174233,
      "OH": 0.015228809955858454,
      "O": 0.001064260932680923,
      "H": 0.0009627196031675759,
      "NO": 0.014339033746775278
    },
    "Hreact": 0,
    "b": {
      "c": 0,
      "h": 2,
      "o": 1.1,
      "n": 4.138095238095239
    }
  }
}