{
  "C5H12": {
    "Tmin": 298.15,
    "Tmax": 5000.0,
    "Tmid": 1000.0,
    "low": [
      13.546998,
      0.028421786,
      -9.4174648e-06,
      1.3893589e-09,
      -7.4212609e-14,
      -24577.68,
      -47.021175
    ],
    "high": [
      1.8983679,
      0.041203037,
      1.2312175e-05,
      -3.6589501e-08,
      1.5042509e-11,
      -20091.5,
      18.679082
    ],
    "source": "nasa_gas.yaml (C5H12,n-pentane)"
  },
  "C7H16": {
    "Tmin": 200.0,
    "Tmax": 6000.0,
    "Tmid": 1000.0,
    "low": [
      18.5354704,
      0.0391420468,
      -1.38030268e-05,
      2.22403874e-09,
      -1.3345258e-13,
      -31950.0783,
      -70.190284
    ],
    "high": [
      11.1532484,
      -0.00949415433,
      0.000195571181,
      -2.4975252e-07,
      9.84873213e-11,
      -26771.1735,
      -15.909611
    ],
    "source": "nasa_gas.yaml (C7H16,n-heptane)"
  },
  "C3H6": {
    "Tmin": 200.0,
    "Tmax": 6000.0,
    "Tmid": 1000.0,
    "low": [
      6.03870499,
      0.0162963895,
      -5.82130624e-06,
      9.35936483e-10,
      -5.58602903e-14,
      -776.595092,
      -8.43824322
    ],
    "high": [
      3.83464524,
      0.00329078405,
      5.05228184e-05,
      -6.66251418e-08,
      2.63707585e-11,
      753.838295,
      7.53410995
    ],
    "source": "nasa_gas.yaml (C3H6,propylene)"
  },
  "C4H8": {
    "Tmin": 200.0,
    "Tmax": 6000.0,
    "Tmid": 1000.0,
    "low": [
      8.02147991,
      0.0226010707,
      -8.31284033e-06,
      1.37803072e-09,
      -8.42175459e-14,
      -4308.52153,
      -17.1170697
    ],
    "high": [
      4.42674073,
      0.00663946249,
      6.80652815e-05,
      -9.28753562e-08,
      3.73473949e-11,
      -2115.32796,
      7.5469486
    ],
    "source": "nasa_gas.yaml (C4H8,1-butene)"
  }
}