{
  "C2H2": {
    "Tmin": 200.0,
    "Tmax": 3500.0,
    "Tmid": 1000.0,
    "low": [
      4.14756964,
      0.00596166664,
      -2.37294852e-06,
      4.67412171e-10,
      -3.61235213e-14,
      25935.9992,
      -1.23028121
    ],
    "high": [
      0.808681094,
      0.0233615629,
      -3.55171815e-05,
      2.80152437e-08,
      -8.50072974e-12,
      26428.9807,
      13.9397051
    ]
  },
  "C2H4": {
    "Tmin": 200.0,
    "Tmax": 3500.0,
    "Tmid": 1000.0,
    "low": [
      2.03611116,
      0.0146454151,
      -6.71077915e-06,
      1.47222923e-09,
      -1.25706061e-13,
      4939.88614,
      10.3053693
    ],
    "high": [
      3.95920148,
      -0.00757052247,
      5.70990292e-05,
      -6.91588753e-08,
      2.69884373e-11,
      5089.77593,
      4.09733096
    ]
  },
  "NH3": {
    "Tmin": 200.0,
    "Tmax": 6000.0,
    "Tmid": 1000.0,
    "low": [
      2.6344521,
      0.005666256,
      -1.7278676e-06,
      2.3867161e-10,
      -1.2578786e-14,
      -6544.6958,
      6.5662928
    ],
    "high": [
      4.2860274,
      -0.004660523,
      2.1718513e-05,
      -2.2808887e-08,
      8.2638046e-12,
      -6741.7285,
      -0.62537277
    ]
  },
  "C6H6": {
    "Tmin": 200.0,
    "Tmax": 6000.0,
    "Tmid": 1000.0,
    "low": [
      11.0771708,
      0.0207067895,
      -7.516251e-06,
      1.22209416e-09,
      -7.35312513e-14,
      4309.88395,
      -40.011695
    ],
    "high": [
      0.503469664,
      0.0185142363,
      7.37864409e-05,
      -1.18106127e-07,
      5.07182527e-11,
      8552.66293,
      21.6481796
    ]
  },
  "H2S": {
    "Tmin": 300.0,
    "Tmax": 5000.0,
    "Tmid": 1000.0,
    "low": [
      2.7452199,
      0.0040434607,
      -1.538451e-06,
      2.7520249e-10,
      -1.8592095e-14,
      -3419.9444,
      8.0546745
    ],
    "high": [
      3.9323476,
      -0.00050260905,
      4.5928473e-06,
      -3.1807214e-09,
      6.6497561e-13,
      -3650.5359,
      2.3157905
    ]
  },
  "C5H12": {
    "low": [
      -11.666041302572077,
      0.13203521964983242,
      -0.0002006262178804582,
      1.8849817463193139e-07,
      -7.093702207212889e-11,
      121.52232416278828,
      76.69876569905631
    ],
    "Tmin": 200.0,
    "Tmid": 1000.0,
    "high": [
      0.00020100046853112048,
      0.061561299615045334,
      -2.9038798307692577e-05,
      4.703174328707199e-09,
      1.452765624077629e-13,
      -1805.0458112617569,
      23.655828841947187
    ],
    "Tmax": 1500.0
  },
  "C6H14": {
    "low": [
      -14.735408426099387,
      0.16081990313174135,
      -0.00024244086394430235,
      2.2767235646395523e-07,
      -8.495449958124442e-11,
      249.94575781741736,
      91.73747206212695
    ],
    "Tmin": 200.0,
    "Tmid": 1000.0,
    "high": [
      0.00023293050014810512,
      0.07134065746451791,
      -2.8466252295576678e-05,
      3.0364241335030116e-09,
      5.268532918489612e-13,
      -2047.007039988871,
      24.697500040659943
    ],
    "Tmax": 1500.0
  },
  "C7H16": {
    "low": [
      -17.833508996812363,
      0.18985807445363392,
      -0.0002849190556786292,
      2.675288921982606e-07,
      -9.921583364473851e-11,
      380.5009335042408,
      106.66165335338829
    ],
    "Tmin": 200.0,
    "Tmid": 1000.0,
    "high": [
      0.00026503344369641893,
      0.08117297397072647,
      -2.778929290172985e-05,
      1.0603120081875808e-09,
      1.0614277597800367e-12,
      -2302.587895593919,
      23.86681489589533
    ],
    "Tmax": 1500.0
  },
  "C3H6": {
    "low": [
      -3.745206808768446,
      0.05916486172295054,
      -9.552097360654655e-05,
      9.381112540016033e-08,
      -3.595853093899204e-11,
      -229.76990255979894,
      39.47986231892598
    ],
    "Tmin": 200.0,
    "Tmid": 1000.0,
    "high": [
      9.646075225939552e-05,
      0.02954345957969363,
      -1.415437165851432e-05,
      2.2677507339972207e-09,
      1.266499200621412e-13,
      -632.6145180022241,
      22.36727803324747
    ],
    "Tmax": 1500.0
  },
  "C4H8": {
    "low": [
      -5.60267526683151,
      0.07991129911778573,
      -0.0001207888928803179,
      1.1528805453030876e-07,
      -4.412041821274535e-11,
      -220.06329780574947,
      49.58104944365652
    ],
    "Tmin": 200.0,
    "Tmid": 1000.0,
    "high": [
      0.00013613276662891214,
      0.0416939815190883,
      -2.0541786817298176e-05,
      3.5026981582864747e-09,
      7.472789157271975e-14,
      -1044.1322410952432,
      24.611933210563823
    ],
    "Tmax": 1500.0
  }
}